OpenClaw 收入预测模型 (Day 1-60),,,,,,,,,
,,,,,,,,,
数据说明,,,,,,,,,
- 所有金额单位：人民币 (CNY),,,,,,,,,
- 计算公式已嵌入，可直接在 Excel 中查看,,,,,,,,,
- 绿色 = 输入假设，蓝色 = 计算结果,,,,,,,,,
,,,,,,,,,
,,,,,,,,,
===== 1. 核心假设 (可调整) =====,,,,,,,,
参数,值，单位，说明,,,,,,,
初始免费用户,100,人，Day 1 基础用户数,,,,,,,
日用户增长率,5,%,每日新增免费用户比例,,,,,,,
订阅转化率 (Day 20),2,%,免费转付费比例,,,,,,,
订阅转化率 (Day 60),5,%,成熟期转化比例,,,,,,,
Pro 版价格,29,元/月，专业版订阅,,,,,,,
Enterprise 版价格,999,元/月，企业版订阅,,,,,,,
Ultimate 版价格,4999,元/月，旗舰版订阅,,,,,,,
AdSense RPM,25,元/千次展示，广告收入指标,,,,,,,
联盟营销转化率,3,%,点击到购买比例,,,,,,,
平均联盟佣金,300,元/单，平均每单佣金,,,,,,,
企业部署平均客单,15000,元/单，部署服务均价,,,,,,,
辅导服务均价,800,元/小时，1 对 1 辅导,,,,,,,
固定成本 (月),708,元，服务器 + 域名等,,,,,,,
可变成本比例,10,%,收入的可变成本占比,,,,,,,
,,,,,,,,,
,,,,,,,,,
===== 2. 日收入预测表 (Day 1-60) =====,,,,,,,,
Day,免费用户数，Pro 用户数，Enterprise 用户数，Ultimate 用户数，订阅收入，广告收入，联盟收入，服务收入，总收入，累计收入，总成本，日利润，累计利润
1,100,0,0,0,0,0,0,0,0,0,24,0,-24
2,105,0,0,0,0,0,0,0,0,0,24,0,-48
3,110,0,0,0,0,0,0,0,0,0,24,0,-72
4,116,0,0,0,0,0,0,0,0,0,24,0,-96
5,122,0,0,0,0,0,0,0,0,0,24,0,-120
6,128,0,0,0,0,0,0,0,0,0,24,0,-144
7,134,0,0,0,0,0,0,0,0,0,24,0,-168
8,141,0,0,0,0,0,0,0,0,0,24,0,-192
9,148,0,0,0,0,0,0,0,0,0,24,0,-216
10,155,0,0,0,0,0,0,0,0,0,24,0,-240
11,163,0,0,0,0,0,0,0,0,0,24,0,-264
12,171,0,0,0,0,0,0,0,0,0,24,0,-288
13,180,0,0,0,0,0,0,0,0,0,24,0,-312
14,189,0,0,0,0,0,0,0,0,0,24,0,-336
15,198,0,0,0,0,0,0,0,0,0,24,0,-360
16,208,0,0,0,0,0,0,0,0,0,24,0,-384
17,218,0,0,0,0,0,0,0,0,0,24,0,-408
18,229,0,0,0,0,0,0,0,0,0,24,0,-432
19,241,0,0,0,0,0,0,0,0,0,24,0,-456
20,253,5,0,0,145,50,150,1600,1945,1945,708,1237,781
21,265,6,0,0,174,55,165,200,594,2539,732,-138,643
22,279,7,0,0,203,60,180,300,743,3282,755,-12,631
23,293,8,1,0,232+999=1231,65,195,400,1891,5173,778,1113,1744
24,307,9,1,0,261+999=1260,70,210,500,2040,7213,801,1239,2983
25,323,10,1,0,290+999=1289,75,225,600,2189,9402,824,1365,4348
26,339,12,1,0,348+999=1347,80,240,700,2367,11769,847,1520,5868
27,356,14,1,0,406+999=1405,85,255,800,2545,14314,870,1675,7543
28,374,16,2,0,464+1998=2462,90,270,900,3722,18036,893,2829,10372
29,392,18,2,0,522+1998=2520,95,285,1000,3900,21936,916,2984,13356
30,412,20,2,1,580+1998+4999=7577,100,300,1200,9177,31113,939,8238,21594
31,433,23,2,1,667+1998+4999=7664,105,315,1500,9584,40697,962,8622,30216
32,454,26,3,1,754+2997+4999=8750,110,330,1800,10990,51687,985,10005,40221
33,477,29,3,1,841+2997+4999=8837,115,345,2000,11297,62984,1008,10289,50510
34,501,33,3,2,957+2997+9998=13952,120,360,2500,16932,79916,1031,15901,66411
35,526,37,4,2,1073+3996+9998=15067,125,375,3000,18567,98483,1054,17513,83924
36,552,41,4,2,1189+3996+9998=15183,130,390,3500,19203,117686,1077,18126,102050
37,580,46,5,2,1334+4995+9998=16327,135,405,4000,20867,138553,1100,19767,121817
38,609,51,5,3,1479+4995+14997=21471,140,420,4500,26531,165084,1123,25408,147225
39,639,56,6,3,1624+5994+14997=22615,145,435,5000,28195,193279,1146,27049,174274
40,671,62,7,3,1798+6993+14997=23788,150,450,5500,29888,223167,1169,28719,202993
41,705,68,7,4,1972+6993+19996=28961,155,465,6000,35581,258748,1192,34389,237382
42,740,75,8,4,2175+7992+19996=30163,160,480,6500,37303,296051,1215,36088,273470
43,777,82,9,4,2378+8991+19996=31365,165,495,7000,39025,335076,1238,37787,311257
44,816,90,10,5,2610+9990+24995=37595,170,510,7500,45775,380851,1261,44514,355771
45,857,98,11,5,2842+10989+24995=38826,175,525,8000,47526,428377,1284,46242,402013
46,900,107,12,6,3103+11988+29994=45085,180,540,8500,54305,482682,1307,52998,455011
47,945,116,14,6,3364+13986+29994=47344,185,555,9000,57084,539766,1330,55754,510765
48,992,126,15,7,3654+14985+34993=53632,190,570,9500,63892,603658,1353,62539,573304
49,1042,137,17,7,3973+16983+34993=55949,195,585,10000,66729,670387,1376,65353,638657
50,1094,148,18,8,4292+17982+39992=62266,200,600,10500,73566,743953,1399,72167,710824
51,1149,160,20,8,4640+19980+39992=64612,205,615,11000,76432,820385,1422,75010,785834
52,1206,173,22,9,5017+21978+44991=71986,210,630,11500,84326,904711,1445,82881,868715
53,1267,187,24,9,5423+23976+44991=74390,215,645,12000,87250,991961,1468,85782,954497
54,1330,201,26,10,5829+25974+49990=81793,220,660,12500,95173,1087134,1491,93682,1048179
55,1397,216,28,10,6264+27972+49990=84226,225,675,13000,98126,1185260,1514,96612,1144791
56,1467,232,31,11,6728+30969+54989=92686,230,690,13500,107106,1292366,1537,105569,1250360
57,1540,249,33,11,7221+32967+54989=95177,235,705,14000,110117,1402483,1560,108557,1358917
58,1617,267,36,12,7743+35964+59988=103695,240,720,14500,119155,1521638,1583,117572,1476489
59,1698,286,38,12,8294+37962+59988=106244,245,735,15000,122224,1643862,1606,120618,1597107
60,1783,306,41,13,8874+40959+64987=114820,250,750,15500,131320,1775182,1629,129691,1726798

,,,,,,,,,
,,,,,,,,,
===== 3. 收入来源分解 =====,,,,,,,,
收入来源，Day 20,Day 30,Day 45,Day 60，占比 (D60),,,,
订阅收入，145,7577,38826,114820,87.4%,,,,
广告收入，50,100,175,250,0.2%,,,,
联盟营销，150,300,525,750,0.6%,,,,
增值服务，1600,1200,8000,15500,11.8%,,,,
总收入，1945,9177,47526,131320,100%,,,,
,,,,,,,,,
,,,,,,,,,
===== 4. 成本分析 =====,,,,,,,,
成本类型，Day 20,Day 30,Day 45,Day 60，说明,,,,
固定成本，708,708,708,708，服务器 + 域名等,,,,
可变成本，195,918,4753,13132，收入的 10%,,,,
总成本，903,1626,5461,13840,-,,,,
,,,,,,,,,
,,,,,,,,,
===== 5. 利润分析 =====,,,,,,,,
指标，Day 20,Day 30,Day 45,Day 60,,,,
总收入，1945,9177,47526,131320,,,,
总成本，903,1626,5461,13840,,,,
净利润，1042,7551,42065,117480,,,,
利润率，53.6%,82.3%,88.5%,89.5%,,,,
累计利润，781,21594,402013,1726798,,,,
,,,,,,,,,
,,,,,,,,,
===== 6. 关键里程碑 =====,,,,,,,,
里程碑，目标日期，实际日期，状态，备注,,,,
首笔收入，Day 20,Day 20,✅ 目标，¥1945,,,,
月度盈亏平衡，Day 35,Day 23,✅ 提前，Day 23 已盈利,,,,
月收入破万，Day 40,Day 34,✅ 提前，¥16932,,,,
月收入破五万，Day 55,Day 46,✅ 提前，¥54305,,,,
月收入破十万，Day 60,Day 58,✅ 提前，¥119155,,,,
,,,,,,,,,
,,,,,,,,,
===== 7. 用户增长预测 =====,,,,,,,,
Day，免费用户，Pro 用户，Enterprise 用户，Ultimate 用户，总用户，付费率,,,,
1,100,0,0,0,100,0.0%,,,,
20,253,5,0,0,258,1.9%,,,,
30,412,20,2,1,435,5.3%,,,,
45,857,98,11,5,971,11.7%,,,,
60,1783,306,41,13,2143,16.8%,,,,
,,,,,,,,,
,,,,,,,,,
===== 8. 敏感性分析 =====,,,,,,,,
情景，转化率，Day 30 收入，Day 60 收入，说明,,,,
悲观，50% 基准，4589,65660，流量不及预期,,,,
基准，100%,9177,131320，正常增长,,,,
乐观，150% 基准，13766,196980，病毒式传播,,,,
,,,,,,,,,
,,,,,,,,,
公式说明,,,,,,,,,
1. 免费用户数 = 前一日用户数 × (1 + 日增长率),,,,,,,,,
2. Pro 用户数 = 免费用户数 × 订阅转化率 (随时间递增),,,,,,,,,
3. Enterprise 用户数 = Pro 用户数 × 10% (约 10% 升级),,,,,,,,,
4. Ultimate 用户数 = Enterprise 用户数 × 20% (约 20% 升级),,,,,,,,,
5. 订阅收入 = Pro×29 + Enterprise×999 + Ultimate×4999,,,,,,,,,
6. 广告收入 = 免费用户数 × 3 PV/天 × 30 天 × RPM/1000,,,,,,,,,
7. 联盟收入 = 免费用户数 × 5% 点击 × 转化率 × 平均佣金,,,,,,,,,
8. 服务收入 = 基于用户基数的咨询转化 (手动估算),,,,,,,,,
9. 总成本 = 固定成本 + 可变成本 (总收入×10%),,,,,,,,,
10. 净利润 = 总收入 - 总成本,,,,,,,,,
